"","Study_ID","Age","Sex","identification","ident_bias","stereognosis_MLS","discrimination","catgood","PAT","bite","Group","outlier_identification","outlier_discrimination","outlier_catgood","outlier_stereognosis_MLS","outlier_PAT","Age_group","median_ident","mad_ident","median_ident_bias","mad_ident_bias","median_discrim","mad_discrim","median_catgood","mad_catgood","median_stereo","mad_stereo","median_PAT","mad_PAT","median_bite","mad_bite","newident","newidentbias","newdiscrim","newcatgood","newstereo","newPAT"
"1","1100",13.1448056200104,"Male",2.86,4.58,5.4,11,88,67.65,"PLACEHOLDER","RSSD",FALSE,FALSE,FALSE,FALSE,FALSE,"older",0.65,0.96,5.98,0.34,10.62,5.56,87,8.9,5.13,1.47,73.68,12.85,0.88,0.27,2.30208333333333,-4.11764705882353,0.0683453237410073,0.112359550561798,0.183673469387755,-0.469260700389105
"2","1101",12.1918999021198,"Female",2.78,6.28,5.33,11.25,81,79.41,"PLACEHOLDER","RSSD",FALSE,FALSE,FALSE,FALSE,FALSE,"younger",0.72,1.07,5.96,0.36,10.5,5.56,80,10.38,5.69,1.5,69.12,15.27,1.02,0.44,1.92523364485981,0.88888888888889,0.134892086330935,0.0963391136801541,-0.24,0.673870333988212
"3","1102",9.27614301913569,"Male",0.98,6.88,4.83,31.5,95,85.29,"PLACEHOLDER","RSSD",FALSE,FALSE,FALSE,FALSE,FALSE,"younger",0.72,1.07,5.96,0.36,10.5,5.56,80,10.38,5.69,1.5,69.12,15.27,1.02,0.44,0.242990654205607,2.55555555555556,3.77697841726619,1.44508670520231,-0.573333333333334,1.05893909626719
"4","1103",10.0590703436758,"Male",1.15,6.12,7.8,9.75,90,41.18,"PLACEHOLDER","RSSD",FALSE,FALSE,FALSE,FALSE,FALSE,"younger",0.72,1.07,5.96,0.36,10.5,5.56,80,10.38,5.69,1.5,69.12,15.27,1.02,0.44,0.401869158878505,0.444444444444445,-0.134892086330935,0.963391136801541,1.40666666666667,-1.82973149967256
"5","1104",12.6191274746687,"Male",0,4.02,3.42,18.25,76,61.76,"PLACEHOLDER","RSSD",FALSE,FALSE,FALSE,FALSE,FALSE,"older",0.65,0.96,5.98,0.34,10.62,5.56,87,8.9,5.13,1.47,73.68,12.85,0.88,0.27,-0.677083333333333,-5.76470588235294,1.37230215827338,-1.23595505617978,-1.16326530612245,-0.92762645914397
"6","1106",10.152159181913,"Male",0,6.02,3.42,NA,68,61.76,"PLACEHOLDER","RSSD",FALSE,NA,FALSE,FALSE,FALSE,"younger",0.72,1.07,5.96,0.36,10.5,5.56,80,10.38,5.69,1.5,69.12,15.27,1.02,0.44,-0.672897196261682,0.166666666666666,NA,-1.15606936416185,-1.51333333333333,-0.481990831696137
"7","1107",12.2768890987951,"Female",0.65,6.37,7.8,6.75,91,70.59,"PLACEHOLDER","RSSD",FALSE,FALSE,FALSE,FALSE,FALSE,"younger",0.72,1.07,5.96,0.36,10.5,5.56,80,10.38,5.69,1.5,69.12,15.27,1.02,0.44,-0.0654205607476635,1.13888888888889,-0.674460431654676,1.0597302504817,1.40666666666667,0.0962671905697445
"8","1108",9.28709464716364,"Female",1.68,6.13,8,20.75,66,64.71,"PLACEHOLDER","RSSD",FALSE,FALSE,FALSE,FALSE,FALSE,"younger",0.72,1.07,5.96,0.36,10.5,5.56,80,10.38,5.69,1.5,69.12,15.27,1.02,0.44,0.897196261682243,0.472222222222222,1.84352517985612,-1.34874759152216,1.54,-0.288801571709234
"9","1109",9.777065921956,"Male",0.55,5.5,3.72,4.75,79,73.53,"PLACEHOLDER","RSSD",FALSE,FALSE,FALSE,FALSE,FALSE,"younger",0.72,1.07,5.96,0.36,10.5,5.56,80,10.38,5.69,1.5,69.12,15.27,1.02,0.44,-0.158878504672897,-1.27777777777778,-1.0341726618705,-0.0963391136801541,-1.31333333333333,0.288801571709234
"10","1110",10.149421274906,"Female",1.3,5.12,6.86,22,95,61.76,"PLACEHOLDER","RSSD",FALSE,FALSE,FALSE,FALSE,FALSE,"younger",0.72,1.07,5.96,0.36,10.5,5.56,80,10.38,5.69,1.5,69.12,15.27,1.02,0.44,0.542056074766355,-2.33333333333333,2.06834532374101,1.44508670520231,0.78,-0.481990831696137
"11","1111",12.517596756493,"Male",0,6.02,5,10.25,86,70.58,"PLACEHOLDER","RSSD",FALSE,FALSE,FALSE,FALSE,FALSE,"older",0.65,0.96,5.98,0.34,10.62,5.56,87,8.9,5.13,1.47,73.68,12.85,0.88,0.27,-0.677083333333333,0.117647058823527,-0.0665467625899279,-0.112359550561798,-0.0884353741496598,-0.241245136186771
"12","1114",8.99402451795725,"Male",1.23,6.38,NA,18.25,63,73.53,"PLACEHOLDER","RSSD",FALSE,FALSE,FALSE,NA,FALSE,"younger",0.72,1.07,5.96,0.36,10.5,5.56,80,10.38,5.69,1.5,69.12,15.27,1.02,0.44,0.476635514018692,1.16666666666667,1.39388489208633,-1.63776493256262,NA,0.288801571709234
"13","1115",9.2568635906281,"Female",1.66,4.75,4.38,19.25,73,61.76,"PLACEHOLDER","RSSD",FALSE,FALSE,FALSE,FALSE,FALSE,"younger",0.72,1.07,5.96,0.36,10.5,5.56,80,10.38,5.69,1.5,69.12,15.27,1.02,0.44,0.878504672897196,-3.36111111111111,1.57374100719424,-0.674373795761079,-0.873333333333334,-0.481990831696137
"14","3103",9.01866568102014,"Female",0,6.06,5.43,18,60,38.24,"PLACEHOLDER","RSSD",FALSE,FALSE,FALSE,FALSE,FALSE,"younger",0.72,1.07,5.96,0.36,10.5,5.56,80,10.38,5.69,1.5,69.12,15.27,1.02,0.44,-0.672897196261682,0.277777777777777,1.34892086330935,-1.92678227360308,-0.173333333333334,-2.02226588081205
"15","3105",9.15282312436258,"Male",2.13,5.94,4.25,NA,64,64.71,"PLACEHOLDER","RSSD",FALSE,TRUE,FALSE,FALSE,FALSE,"younger",0.72,1.07,5.96,0.36,10.5,5.56,80,10.38,5.69,1.5,69.12,15.27,1.02,0.44,1.31775700934579,-0.0555555555555544,NA,-1.54142581888247,-0.96,-0.288801571709234
"16","3106",10.3547643004305,"Male",1.69,6,7.6,55.25,78,67.65,"PLACEHOLDER","RSSD",FALSE,FALSE,FALSE,FALSE,FALSE,"younger",0.72,1.07,5.96,0.36,10.5,5.56,80,10.38,5.69,1.5,69.12,15.27,1.02,0.44,0.906542056074766,0.111111111111111,8.04856115107914,-0.192678227360308,1.27333333333333,-0.0962671905697445
"17","3107",12.4246219977138,"Male",0.72,5.76,7,19.5,78,76.47,"PLACEHOLDER","RSSD",FALSE,FALSE,FALSE,FALSE,FALSE,"younger",0.72,1.07,5.96,0.36,10.5,5.56,80,10.38,5.69,1.5,69.12,15.27,1.02,0.44,0,-0.555555555555556,1.61870503597122,-0.192678227360308,0.873333333333333,0.481335952848723
"18","3108",10.4588047666961,"Male",3.62,4.39,4.86,25.5,66,70.59,"PLACEHOLDER","RSSD",FALSE,FALSE,FALSE,FALSE,FALSE,"younger",0.72,1.07,5.96,0.36,10.5,5.56,80,10.38,5.69,1.5,69.12,15.27,1.02,0.44,2.71028037383178,-4.36111111111111,2.69784172661871,-1.34874759152216,-0.553333333333333,0.0962671905697445
"19","3109",9.63754674405817,"Male",1.07,5.37,5.5,8,83,78.95,"PLACEHOLDER","RSSD",FALSE,FALSE,FALSE,FALSE,FALSE,"younger",0.72,1.07,5.96,0.36,10.5,5.56,80,10.38,5.69,1.5,69.12,15.27,1.02,0.44,0.327102803738318,-1.63888888888889,-0.449640287769784,0.289017341040462,-0.126666666666667,0.643745907007204
"20","3110",12.1865381675645,"Male",0.98,6.12,7.5,10.75,86,39.47,"PLACEHOLDER","RSSD",FALSE,FALSE,FALSE,FALSE,FALSE,"younger",0.72,1.07,5.96,0.36,10.5,5.56,80,10.38,5.69,1.5,69.12,15.27,1.02,0.44,0.242990654205607,0.444444444444445,0.0449640287769784,0.578034682080925,1.20666666666667,-1.94171578258022
"21","3111",10.959841748975,"Male",1.89,7.91,4.28,8,75,76.32,"PLACEHOLDER","RSSD",FALSE,FALSE,FALSE,FALSE,FALSE,"younger",0.72,1.07,5.96,0.36,10.5,5.56,80,10.38,5.69,1.5,69.12,15.27,1.02,0.44,1.09345794392523,5.41666666666667,-0.449640287769784,-0.481695568400771,-0.94,0.471512770137524
"22","3115",12.9448243290417,"Male",1.45,5.5,NA,52.75,77,52.63,"PLACEHOLDER","RSSD",FALSE,FALSE,FALSE,NA,FALSE,"older",0.65,0.96,5.98,0.34,10.62,5.56,87,8.9,5.13,1.47,73.68,12.85,0.88,0.27,0.833333333333333,-1.41176470588235,7.5773381294964,-1.12359550561798,NA,-1.63813229571984
"23","3116",11.649794314736,"Female",0,6.04,NA,3.25,89,70.59,"PLACEHOLDER","RSSD",FALSE,FALSE,FALSE,NA,FALSE,"younger",0.72,1.07,5.96,0.36,10.5,5.56,80,10.38,5.69,1.5,69.12,15.27,1.02,0.44,-0.672897196261682,0.222222222222222,-1.30395683453237,0.867052023121387,NA,0.0962671905697445
"24","3117",10.280726731783,"Male",1.28,6.25,NA,5,78,64.7,"PLACEHOLDER","RSSD",FALSE,FALSE,FALSE,NA,FALSE,"younger",0.72,1.07,5.96,0.36,10.5,5.56,80,10.38,5.69,1.5,69.12,15.27,1.02,0.44,0.523364485981308,0.805555555555556,-0.989208633093525,-0.192678227360308,NA,-0.289456450556647
"25","3118",14.497103522546,"Female",1.75,4.37,NA,34.25,88,55.88,"PLACEHOLDER","RSSD",FALSE,FALSE,FALSE,NA,FALSE,"older",0.65,0.96,5.98,0.34,10.62,5.56,87,8.9,5.13,1.47,73.68,12.85,0.88,0.27,1.14583333333333,-4.73529411764706,4.25,0.112359550561798,NA,-1.3852140077821
"26","3122",10.4833318503,"Male",2.5,5.5,NA,45.75,85,82.35,"PLACEHOLDER","RSSD",FALSE,FALSE,FALSE,NA,FALSE,"younger",0.72,1.07,5.96,0.36,10.5,5.56,80,10.38,5.69,1.5,69.12,15.27,1.02,0.44,1.66355140186916,-1.27777777777778,6.33992805755396,0.481695568400771,NA,0.866404715127701
"27","3124",9.30055602328134,"Male",0.94,5.75,NA,20.75,86,50,"PLACEHOLDER","RSSD",FALSE,FALSE,FALSE,NA,FALSE,"younger",0.72,1.07,5.96,0.36,10.5,5.56,80,10.38,5.69,1.5,69.12,15.27,1.02,0.44,0.205607476635514,-0.583333333333333,1.84352517985612,0.578034682080925,NA,-1.25212835625409
"28","3126",10.00978801755,"Female",3.34,5.5,NA,10.25,61,57.89,"PLACEHOLDER","RSSD",FALSE,FALSE,FALSE,NA,FALSE,"younger",0.72,1.07,5.96,0.36,10.5,5.56,80,10.38,5.69,1.5,69.12,15.27,1.02,0.44,2.44859813084112,-1.27777777777778,-0.0449640287769784,-1.83044315992293,NA,-0.735428945645056
"29","3128",9.56613300295922,"Male",NA,1.85,NA,35,78,65.79,"PLACEHOLDER","RSSD",TRUE,FALSE,FALSE,NA,FALSE,"younger",0.72,1.07,5.96,0.36,10.5,5.56,80,10.38,5.69,1.5,69.12,15.27,1.02,0.44,NA,-11.4166666666667,4.40647482014389,-0.192678227360308,NA,-0.218074656188605
"30","3129",10.2644133692,"Male",5.76,2.76,NA,4.75,85,57.89,"PLACEHOLDER","RSSD",FALSE,FALSE,FALSE,NA,FALSE,"younger",0.72,1.07,5.96,0.36,10.5,5.56,80,10.38,5.69,1.5,69.12,15.27,1.02,0.44,4.71028037383178,-8.88888888888889,-1.0341726618705,0.481695568400771,NA,-0.735428945645056
"31","3130",9.87277858774193,"Female",NA,5.16,NA,5.75,67,52.63,"PLACEHOLDER","RSSD",TRUE,FALSE,FALSE,NA,FALSE,"younger",0.72,1.07,5.96,0.36,10.5,5.56,80,10.38,5.69,1.5,69.12,15.27,1.02,0.44,NA,-2.22222222222222,-0.85431654676259,-1.252408477842,NA,-1.07989521938441
"32","3131",10.6092755726218,"Male",4.77,4.74,NA,37.25,92,63.16,"PLACEHOLDER","RSSD",FALSE,FALSE,FALSE,NA,FALSE,"younger",0.72,1.07,5.96,0.36,10.5,5.56,80,10.38,5.69,1.5,69.12,15.27,1.02,0.44,3.78504672897196,-3.38888888888889,4.81115107913669,1.15606936416185,NA,-0.390307793058285
"33","3133",15.9618837712844,"Male",1.91,5,NA,6.25,92,76.47,"PLACEHOLDER","RSSD",FALSE,FALSE,FALSE,NA,FALSE,"older",0.65,0.96,5.98,0.34,10.62,5.56,87,8.9,5.13,1.47,73.68,12.85,0.88,0.27,1.3125,-2.88235294117647,-0.785971223021583,0.561797752808989,NA,0.217120622568093
"34","3135",9.09806498422281,"Male",4.98,2.79,NA,11.75,68,61.76,"PLACEHOLDER","RSSD",FALSE,FALSE,FALSE,NA,FALSE,"younger",0.72,1.07,5.96,0.36,10.5,5.56,80,10.38,5.69,1.5,69.12,15.27,1.02,0.44,3.98130841121495,-8.80555555555556,0.224820143884892,-1.15606936416185,NA,-0.481990831696137
"35","3136",13.0214857252373,"Female",1.16,7,NA,18,77,68.42,"PLACEHOLDER","RSSD",FALSE,FALSE,FALSE,NA,FALSE,"older",0.65,0.96,5.98,0.34,10.62,5.56,87,8.9,5.13,1.47,73.68,12.85,0.88,0.27,0.53125,3,1.3273381294964,-1.12359550561798,NA,-0.409338521400779
"36","3137",12.7614986390321,"Female",0.99,5.5,NA,12.25,87,71.05,"PLACEHOLDER","RSSD",FALSE,FALSE,FALSE,NA,FALSE,"older",0.65,0.96,5.98,0.34,10.62,5.56,87,8.9,5.13,1.47,73.68,12.85,0.88,0.27,0.354166666666667,-1.41176470588235,0.293165467625899,0,NA,-0.20466926070039
"37","3138",14.3275814470295,"Female",0.65,5.37,NA,4.75,85,71.05,"PLACEHOLDER","RSSD",FALSE,FALSE,FALSE,NA,FALSE,"older",0.65,0.96,5.98,0.34,10.62,5.56,87,8.9,5.13,1.47,73.68,12.85,0.88,0.27,0,-1.79411764705882,-1.05575539568345,-0.224719101123595,NA,-0.20466926070039
"38","3139",11.203515472597,"Female",1.85,5.37,NA,25.75,61,73.68,"PLACEHOLDER","RSSD",FALSE,FALSE,FALSE,NA,FALSE,"younger",0.72,1.07,5.96,0.36,10.5,5.56,80,10.38,5.69,1.5,69.12,15.27,1.02,0.44,1.05607476635514,-1.63888888888889,2.74280575539568,-1.83044315992293,NA,0.298624754420432
"39","3140",14.2014095657908,"Male",5.29,4.37,NA,NA,82,76.32,"PLACEHOLDER","RSSD",FALSE,NA,FALSE,NA,FALSE,"older",0.65,0.96,5.98,0.34,10.62,5.56,87,8.9,5.13,1.47,73.68,12.85,0.88,0.27,4.83333333333333,-4.73529411764706,NA,-0.561797752808989,NA,0.20544747081712
"40","3141",10.321795336888,"Male",2.97,5.89,NA,11.25,70,84.21,"PLACEHOLDER","RSSD",FALSE,FALSE,FALSE,NA,FALSE,"younger",0.72,1.07,5.96,0.36,10.5,5.56,80,10.38,5.69,1.5,69.12,15.27,1.02,0.44,2.10280373831776,-0.194444444444445,0.134892086330935,-0.963391136801541,NA,0.988212180746561
"41","3142",11.241732091236,"Male",1.91,5.5,NA,6.5,84,73.53,"PLACEHOLDER","RSSD",FALSE,FALSE,FALSE,NA,FALSE,"younger",0.72,1.07,5.96,0.36,10.5,5.56,80,10.38,5.69,1.5,69.12,15.27,1.02,0.44,1.11214953271028,-1.27777777777778,-0.719424460431655,0.385356454720617,NA,0.288801571709234
"42","3144",12.536762105542,"Male",1.56,5.88,NA,22,68,55.26,"PLACEHOLDER","RSSD",FALSE,FALSE,FALSE,NA,FALSE,"older",0.65,0.96,5.98,0.34,10.62,5.56,87,8.9,5.13,1.47,73.68,12.85,0.88,0.27,0.947916666666667,-0.294117647058825,2.04676258992806,-2.13483146067416,NA,-1.43346303501946
"43","3146",11.233632449674,"Female",4.3,4.62,NA,10,72,60.53,"PLACEHOLDER","RSSD",FALSE,FALSE,FALSE,NA,FALSE,"younger",0.72,1.07,5.96,0.36,10.5,5.56,80,10.38,5.69,1.5,69.12,15.27,1.02,0.44,3.34579439252336,-3.72222222222222,-0.0899280575539568,-0.770712909441233,NA,-0.562540929927964
"44","3147",9.2761430191357,"Female",2.95,4.58,NA,7.5,91,55.88,"PLACEHOLDER","RSSD",FALSE,FALSE,FALSE,NA,FALSE,"younger",0.72,1.07,5.96,0.36,10.5,5.56,80,10.38,5.69,1.5,69.12,15.27,1.02,0.44,2.08411214953271,-3.83333333333333,-0.539568345323741,1.0597302504817,NA,-0.867059593975115
"45","3149",10.231558485116,"Female",2.3,6.26,NA,35.75,80,55.26,"PLACEHOLDER","RSSD",FALSE,FALSE,FALSE,NA,FALSE,"younger",0.72,1.07,5.96,0.36,10.5,5.56,80,10.38,5.69,1.5,69.12,15.27,1.02,0.44,1.47663551401869,0.833333333333333,4.54136690647482,0,NA,-0.907662082514735
"46","3150",11.7345553524941,"Male",1.89,4.75,NA,19.5,88,85.29,"PLACEHOLDER","RSSD",FALSE,FALSE,FALSE,NA,FALSE,"younger",0.72,1.07,5.96,0.36,10.5,5.56,80,10.38,5.69,1.5,69.12,15.27,1.02,0.44,1.09345794392523,-3.36111111111111,1.61870503597122,0.770712909441233,NA,1.05893909626719
"47","3151",12.44652525377,"Male",1.56,5.88,NA,4.25,89,55.88,"PLACEHOLDER","RSSD",FALSE,FALSE,FALSE,NA,FALSE,"younger",0.72,1.07,5.96,0.36,10.5,5.56,80,10.38,5.69,1.5,69.12,15.27,1.02,0.44,0.785046728971963,-0.222222222222222,-1.12410071942446,0.867052023121387,NA,-0.867059593975115
"48","3152",11.178874309534,"Male",0,5.98,NA,3.25,85,71.05,"PLACEHOLDER","RSSD",FALSE,FALSE,FALSE,NA,FALSE,"younger",0.72,1.07,5.96,0.36,10.5,5.56,80,10.38,5.69,1.5,69.12,15.27,1.02,0.44,-0.672897196261682,0.0555555555555568,-1.30395683453237,0.481695568400771,NA,0.126391617550753
"49","3154",11.387069321524,"Female",0,5.98,NA,8.75,78,52.63,"PLACEHOLDER","RSSD",FALSE,FALSE,FALSE,NA,FALSE,"younger",0.72,1.07,5.96,0.36,10.5,5.56,80,10.38,5.69,1.5,69.12,15.27,1.02,0.44,-0.672897196261682,0.0555555555555568,-0.314748201438849,-0.192678227360308,NA,-1.07989521938441
"50","3155",9.0761617281669,"Female",NA,NA,NA,NA,83,60.53,"PLACEHOLDER","RSSD",NA,TRUE,FALSE,NA,FALSE,"younger",0.72,1.07,5.96,0.36,10.5,5.56,80,10.38,5.69,1.5,69.12,15.27,1.02,0.44,NA,NA,NA,0.289017341040462,NA,-0.562540929927964
"51","3156",11.770376302502,"Male",0,6.92,NA,2.25,80,63.16,"PLACEHOLDER","RSSD",FALSE,FALSE,FALSE,NA,FALSE,"younger",0.72,1.07,5.96,0.36,10.5,5.56,80,10.38,5.69,1.5,69.12,15.27,1.02,0.44,-0.672897196261682,2.66666666666667,-1.48381294964029,0,NA,-0.390307793058285
"52","3157",9.0049761459852,"Female",NA,5.98,NA,21.25,73,76.32,"PLACEHOLDER","RSSD",TRUE,FALSE,FALSE,NA,FALSE,"younger",0.72,1.07,5.96,0.36,10.5,5.56,80,10.38,5.69,1.5,69.12,15.27,1.02,0.44,NA,0.0555555555555568,1.93345323741007,-0.674373795761079,NA,0.471512770137524
"53","3158",9.0925891702088,"Female",0.88,6.37,NA,18.5,77,78.95,"PLACEHOLDER","RSSD",FALSE,FALSE,FALSE,NA,FALSE,"younger",0.72,1.07,5.96,0.36,10.5,5.56,80,10.38,5.69,1.5,69.12,15.27,1.02,0.44,0.149532710280374,1.13888888888889,1.43884892086331,-0.289017341040462,NA,0.643745907007204
"54","3159",9.9522919704032,"Male",0.79,5.5,NA,NA,78,76.47,"PLACEHOLDER","RSSD",FALSE,NA,FALSE,NA,FALSE,"younger",0.72,1.07,5.96,0.36,10.5,5.56,80,10.38,5.69,1.5,69.12,15.27,1.02,0.44,0.0654205607476636,-1.27777777777778,NA,-0.192678227360308,NA,0.481335952848723
"55","3161",9.4074484760125,"Female",3.22,7.83,NA,22,67,63.16,"PLACEHOLDER","RSSD",FALSE,FALSE,FALSE,NA,FALSE,"younger",0.72,1.07,5.96,0.36,10.5,5.56,80,10.38,5.69,1.5,69.12,15.27,1.02,0.44,2.33644859813084,5.19444444444444,2.06834532374101,-1.252408477842,NA,-0.390307793058285
"56","3162",12.033101295714,"Male",7.18,5.31,NA,NA,69,65.79,"PLACEHOLDER","RSSD",FALSE,NA,FALSE,NA,FALSE,"younger",0.72,1.07,5.96,0.36,10.5,5.56,80,10.38,5.69,1.5,69.12,15.27,1.02,0.44,6.03738317757009,-1.80555555555556,NA,-1.0597302504817,NA,-0.218074656188605
"57","3163",12.156307111029,"Male",6.02,3.92,NA,27.5,76,94.74,"PLACEHOLDER","RSSD",FALSE,FALSE,FALSE,NA,FALSE,"younger",0.72,1.07,5.96,0.36,10.5,5.56,80,10.38,5.69,1.5,69.12,15.27,1.02,0.44,4.95327102803738,-5.66666666666667,3.05755395683453,-0.385356454720617,NA,1.67779960707269
"58","3165",9.3747076713873,"Female",2.4,5.5,4.25,18.5,79,44.74,"PLACEHOLDER","RSSD",FALSE,FALSE,FALSE,FALSE,FALSE,"younger",0.72,1.07,5.96,0.36,10.5,5.56,80,10.38,5.69,1.5,69.12,15.27,1.02,0.44,1.57009345794393,-1.27777777777778,1.43884892086331,-0.0963391136801541,-0.96,-1.59659462999345
"59","3166",10.165962796407,"Male",1.78,4.75,8,43,77,78.95,"PLACEHOLDER","RSSD",FALSE,FALSE,FALSE,FALSE,FALSE,"younger",0.72,1.07,5.96,0.36,10.5,5.56,80,10.38,5.69,1.5,69.12,15.27,1.02,0.44,0.990654205607477,-3.36111111111111,5.84532374100719,-0.289017341040462,1.54,0.643745907007204
"60","3168",8.9748591689083,"Male",1.23,6.38,8,8.75,72,65.79,"PLACEHOLDER","RSSD",FALSE,FALSE,FALSE,FALSE,FALSE,"younger",0.72,1.07,5.96,0.36,10.5,5.56,80,10.38,5.69,1.5,69.12,15.27,1.02,0.44,0.476635514018692,1.16666666666667,-0.314748201438849,-0.770712909441233,1.54,-0.218074656188605
"61","3171",10.658671978206,"Female",3.06,5.5,6,11.5,81,65.79,"PLACEHOLDER","RSSD",FALSE,FALSE,FALSE,FALSE,FALSE,"younger",0.72,1.07,5.96,0.36,10.5,5.56,80,10.38,5.69,1.5,69.12,15.27,1.02,0.44,2.18691588785047,-1.27777777777778,0.179856115107914,0.0963391136801541,0.206666666666666,-0.218074656188605
"62","3172",11.688125012834,"Male",7.87,4.46,6.29,NA,87,68.42,"PLACEHOLDER","RSSD",FALSE,NA,FALSE,FALSE,FALSE,"younger",0.72,1.07,5.96,0.36,10.5,5.56,80,10.38,5.69,1.5,69.12,15.27,1.02,0.44,6.68224299065421,-4.16666666666667,NA,0.674373795761079,0.4,-0.0458415193189262
"63","6107",9.03235521605509,"Male",1.6,6.1,5,25.5,77,58.82,"PLACEHOLDER","RSSD",FALSE,FALSE,FALSE,FALSE,FALSE,"younger",0.72,1.07,5.96,0.36,10.5,5.56,80,10.38,5.69,1.5,69.12,15.27,1.02,0.44,0.822429906542056,0.388888888888888,2.69784172661871,-0.289017341040462,-0.46,-0.674525212835626
"64","6109",10.2890545322628,"Male",4.08,6.36,4.55,18.75,72,50,"PLACEHOLDER","RSSD",FALSE,FALSE,FALSE,FALSE,FALSE,"younger",0.72,1.07,5.96,0.36,10.5,5.56,80,10.38,5.69,1.5,69.12,15.27,1.02,0.44,3.14018691588785,1.11111111111111,1.48381294964029,-0.770712909441233,-0.76,-1.25212835625409
"65","6111",12.9119694449578,"Female",0.98,5.88,8,9.5,81,47.06,"PLACEHOLDER","RSSD",FALSE,FALSE,FALSE,FALSE,FALSE,"older",0.65,0.96,5.98,0.34,10.62,5.56,87,8.9,5.13,1.47,73.68,12.85,0.88,0.27,0.34375,-0.294117647058825,-0.201438848920863,-0.674157303370786,1.95238095238095,-2.0715953307393
"66","6112",15.017419933332,"Male",1.07,5.37,5,2.5,86,88.24,"PLACEHOLDER","RSSD",FALSE,FALSE,FALSE,FALSE,FALSE,"older",0.65,0.96,5.98,0.34,10.62,5.56,87,8.9,5.13,1.47,73.68,12.85,0.88,0.27,0.4375,-1.79411764705882,-1.46043165467626,-0.112359550561798,-0.0884353741496598,1.13307392996109
"67","6113",9.13924766878626,"Female",1.67,6.75,5.57,4,92,50,"PLACEHOLDER","RSSD",FALSE,FALSE,FALSE,FALSE,FALSE,"younger",0.72,1.07,5.96,0.36,10.5,5.56,80,10.38,5.69,1.5,69.12,15.27,1.02,0.44,0.88785046728972,2.19444444444444,-1.16906474820144,1.15606936416185,-0.0800000000000001,-1.25212835625409
"68","6114",10.497249544253,"Male",0.72,5.24,7.5,5.5,82,64.71,"PLACEHOLDER","RSSD",FALSE,FALSE,FALSE,FALSE,FALSE,"younger",0.72,1.07,5.96,0.36,10.5,5.56,80,10.38,5.69,1.5,69.12,15.27,1.02,0.44,0,-2,-0.899280575539568,0.192678227360308,1.20666666666667,-0.288801571709234
"69","6116",11.7647864090296,"Female",2.78,4.72,NA,11.5,83,47.06,"PLACEHOLDER","RSSD",FALSE,FALSE,FALSE,NA,FALSE,"younger",0.72,1.07,5.96,0.36,10.5,5.56,80,10.38,5.69,1.5,69.12,15.27,1.02,0.44,1.92523364485981,-3.44444444444445,0.179856115107914,0.289017341040462,NA,-1.44466273739358
"70","6119",9.9577677844172,"Female",4.53,4.45,NA,29.25,76,50,"PLACEHOLDER","RSSD",FALSE,FALSE,FALSE,NA,FALSE,"younger",0.72,1.07,5.96,0.36,10.5,5.56,80,10.38,5.69,1.5,69.12,15.27,1.02,0.44,3.5607476635514,-4.19444444444444,3.37230215827338,-0.385356454720617,NA,-1.25212835625409
"71","6123",12.2083273441618,"Male",NA,NA,NA,14.5,75,58.82,"PLACEHOLDER","RSSD",NA,FALSE,FALSE,NA,FALSE,"younger",0.72,1.07,5.96,0.36,10.5,5.56,80,10.38,5.69,1.5,69.12,15.27,1.02,0.44,NA,NA,0.719424460431655,-0.481695568400771,NA,-0.674525212835626
"72","6125",11.6251531516732,"Male",7.26,5.89,NA,9,85,70.59,"PLACEHOLDER","RSSD",FALSE,FALSE,FALSE,NA,FALSE,"younger",0.72,1.07,5.96,0.36,10.5,5.56,80,10.38,5.69,1.5,69.12,15.27,1.02,0.44,6.11214953271028,-0.194444444444445,-0.269784172661871,0.481695568400771,NA,0.0962671905697445
"73","6126",9.0378310300691,"Male",0.99,6.5,NA,4.5,87,64.71,"PLACEHOLDER","RSSD",FALSE,FALSE,FALSE,NA,FALSE,"younger",0.72,1.07,5.96,0.36,10.5,5.56,80,10.38,5.69,1.5,69.12,15.27,1.02,0.44,0.252336448598131,1.5,-1.07913669064748,0.674373795761079,NA,-0.288801571709234
"74","6127",10.3601260349859,"Male",2.01,6,NA,20.25,78,NA,"PLACEHOLDER","RSSD",FALSE,FALSE,FALSE,NA,NA,"younger",0.72,1.07,5.96,0.36,10.5,5.56,80,10.38,5.69,1.5,69.12,15.27,1.02,0.44,1.20560747663551,0.111111111111111,1.75359712230216,-0.192678227360308,NA,NA
"75","6128",11.9427503644839,"Male",0.76,5.88,NA,14.5,69,82.35,"PLACEHOLDER","RSSD",FALSE,FALSE,FALSE,NA,FALSE,"younger",0.72,1.07,5.96,0.36,10.5,5.56,80,10.38,5.69,1.5,69.12,15.27,1.02,0.44,0.0373831775700935,-0.222222222222222,0.719424460431655,-1.0597302504817,NA,0.866404715127701
"76","6129",9.0049761459852,"Male",2.92,6.55,NA,NA,73,52.94,"PLACEHOLDER","RSSD",FALSE,NA,FALSE,NA,FALSE,"younger",0.72,1.07,5.96,0.36,10.5,5.56,80,10.38,5.69,1.5,69.12,15.27,1.02,0.44,2.05607476635514,1.63888888888889,NA,-0.674373795761079,NA,-1.0595939751146
"77","6130",10.5435658044541,"Male",1.15,5.88,NA,4.5,82,47.06,"PLACEHOLDER","RSSD",FALSE,FALSE,FALSE,NA,FALSE,"younger",0.72,1.07,5.96,0.36,10.5,5.56,80,10.38,5.69,1.5,69.12,15.27,1.02,0.44,0.401869158878505,-0.222222222222222,-1.07913669064748,0.192678227360308,NA,-1.44466273739358
"78","6131",9.62362905010598,"Male",2.21,6.13,NA,28.75,65,61.76,"PLACEHOLDER","RSSD",FALSE,FALSE,FALSE,NA,FALSE,"younger",0.72,1.07,5.96,0.36,10.5,5.56,80,10.38,5.69,1.5,69.12,15.27,1.02,0.44,1.39252336448598,0.472222222222222,3.28237410071942,-1.44508670520231,NA,-0.481990831696137
"79","6132",12.8215044342686,"Female",1.41,5.75,NA,7.75,91,44.12,"PLACEHOLDER","RSSD",FALSE,FALSE,FALSE,NA,FALSE,"older",0.65,0.96,5.98,0.34,10.62,5.56,87,8.9,5.13,1.47,73.68,12.85,0.88,0.27,0.791666666666667,-0.676470588235295,-0.516187050359712,0.449438202247191,NA,-2.30038910505837
"80","6133",13.48156818187,"Male",0.76,6.12,NA,3.75,93,67.65,"PLACEHOLDER","RSSD",FALSE,FALSE,FALSE,NA,FALSE,"older",0.65,0.96,5.98,0.34,10.62,5.56,87,8.9,5.13,1.47,73.68,12.85,0.88,0.27,0.114583333333333,0.411764705882352,-1.23561151079137,0.674157303370786,NA,-0.469260700389105
"81","6134",9.28709464716364,"Female",1.85,5.37,NA,7.25,71,47.06,"PLACEHOLDER","RSSD",FALSE,FALSE,FALSE,NA,FALSE,"younger",0.72,1.07,5.96,0.36,10.5,5.56,80,10.38,5.69,1.5,69.12,15.27,1.02,0.44,1.05607476635514,-1.63888888888889,-0.584532374100719,-0.867052023121387,NA,-1.44466273739358
"82","6136",11.2720772272303,"Female",1.74,5.37,NA,4.75,76,85.29,"PLACEHOLDER","RSSD",FALSE,FALSE,FALSE,NA,FALSE,"younger",0.72,1.07,5.96,0.36,10.5,5.56,80,10.38,5.69,1.5,69.12,15.27,1.02,0.44,0.953271028037383,-1.63888888888889,-1.0341726618705,-0.385356454720617,NA,1.05893909626719
"83","6137",9.51707883575068,"Female",0,5.98,NA,15.25,74,67.65,"PLACEHOLDER","RSSD",FALSE,FALSE,FALSE,NA,FALSE,"younger",0.72,1.07,5.96,0.36,10.5,5.56,80,10.38,5.69,1.5,69.12,15.27,1.02,0.44,-0.672897196261682,0.0555555555555568,0.85431654676259,-0.578034682080925,NA,-0.0962671905697445
"84","6140",9.5717228964318,"Female",5.75,2.19,NA,9.25,83,82.35,"PLACEHOLDER","RSSD",FALSE,FALSE,FALSE,NA,FALSE,"younger",0.72,1.07,5.96,0.36,10.5,5.56,80,10.38,5.69,1.5,69.12,15.27,1.02,0.44,4.70093457943925,-10.4722222222222,-0.224820143884892,0.289017341040462,NA,0.866404715127701
"85","6142",10.6997405833111,"Female",3.02,4.44,NA,23,91,52.94,"PLACEHOLDER","RSSD",FALSE,FALSE,FALSE,NA,FALSE,"younger",0.72,1.07,5.96,0.36,10.5,5.56,80,10.38,5.69,1.5,69.12,15.27,1.02,0.44,2.14953271028037,-4.22222222222222,2.24820143884892,1.0597302504817,NA,-1.0595939751146
"86","6143",9.68945289773233,"Male",0.65,5.63,NA,7.25,87,73.53,"PLACEHOLDER","RSSD",FALSE,FALSE,FALSE,NA,FALSE,"younger",0.72,1.07,5.96,0.36,10.5,5.56,80,10.38,5.69,1.5,69.12,15.27,1.02,0.44,-0.0654205607476635,-0.916666666666667,-0.584532374100719,0.674373795761079,NA,0.288801571709234
"87","6144",10.3163195228741,"Male",NA,NA,NA,NA,NA,58.82,"PLACEHOLDER","RSSD",NA,NA,NA,NA,FALSE,"younger",0.72,1.07,5.96,0.36,10.5,5.56,80,10.38,5.69,1.5,69.12,15.27,1.02,0.44,NA,NA,NA,NA,NA,-0.674525212835626
"88","6145",9.05425847211099,"Female",1.27,5.75,NA,15.75,84,70.59,"PLACEHOLDER","RSSD",FALSE,FALSE,FALSE,NA,FALSE,"younger",0.72,1.07,5.96,0.36,10.5,5.56,80,10.38,5.69,1.5,69.12,15.27,1.02,0.44,0.514018691588785,-0.583333333333333,0.944244604316547,0.385356454720617,NA,0.0962671905697445
"89","6147",11.020075703129,"Male",5.13,5.66,NA,22.25,73,50,"PLACEHOLDER","RSSD",FALSE,FALSE,FALSE,NA,FALSE,"younger",0.72,1.07,5.96,0.36,10.5,5.56,80,10.38,5.69,1.5,69.12,15.27,1.02,0.44,4.1214953271028,-0.833333333333333,2.11330935251799,-0.674373795761079,NA,-1.25212835625409
"90","6149",9.8208724340678,"Male",6.29,4.79,NA,NA,56,61.76,"PLACEHOLDER","RSSD",FALSE,NA,FALSE,NA,FALSE,"younger",0.72,1.07,5.96,0.36,10.5,5.56,80,10.38,5.69,1.5,69.12,15.27,1.02,0.44,5.20560747663551,-3.25,NA,-2.3121387283237,NA,-0.481990831696137
"91","6150",10.1877519730042,"Male",2.57,4.6,NA,8.5,78,61.77,"PLACEHOLDER","RSSD",FALSE,FALSE,FALSE,NA,FALSE,"younger",0.72,1.07,5.96,0.36,10.5,5.56,80,10.38,5.69,1.5,69.12,15.27,1.02,0.44,1.72897196261682,-3.77777777777778,-0.359712230215827,-0.192678227360308,NA,-0.481335952848723
"92","6152",15.006468305304,"Male",0.79,5.5,NA,4.25,85,70.59,"PLACEHOLDER","RSSD",FALSE,FALSE,FALSE,NA,FALSE,"older",0.65,0.96,5.98,0.34,10.62,5.56,87,8.9,5.13,1.47,73.68,12.85,0.88,0.27,0.145833333333333,-1.41176470588235,-1.14568345323741,-0.224719101123595,NA,-0.240466926070039
"93","6153",9.33078707981683,"Male",1.98,7.53,3.23,12.75,64,73.53,"PLACEHOLDER","RSSD",FALSE,FALSE,FALSE,FALSE,FALSE,"younger",0.72,1.07,5.96,0.36,10.5,5.56,80,10.38,5.69,1.5,69.12,15.27,1.02,0.44,1.17757009345794,4.36111111111111,0.404676258992806,-1.54142581888247,-1.64,0.288801571709234
"94","6154",9.09817906368144,"Female",1.8,6,6.11,5.75,NA,79.41,"PLACEHOLDER","RSSD",FALSE,FALSE,NA,FALSE,FALSE,"younger",0.72,1.07,5.96,0.36,10.5,5.56,80,10.38,5.69,1.5,69.12,15.27,1.02,0.44,1.00934579439252,0.111111111111111,-0.85431654676259,NA,0.28,0.673870333988212
"95","6155",9.45684488159693,"Male",3.14,7.39,7.6,15.75,69,64.71,"PLACEHOLDER","RSSD",FALSE,FALSE,FALSE,FALSE,FALSE,"younger",0.72,1.07,5.96,0.36,10.5,5.56,80,10.38,5.69,1.5,69.12,15.27,1.02,0.44,2.26168224299065,3.97222222222222,0.944244604316547,-1.0597302504817,1.27333333333333,-0.288801571709234
"96","6156",11.6225293241248,"Male",3.11,7.81,5.17,7,71,64.71,"PLACEHOLDER","RSSD",FALSE,FALSE,FALSE,FALSE,FALSE,"younger",0.72,1.07,5.96,0.36,10.5,5.56,80,10.38,5.69,1.5,69.12,15.27,1.02,0.44,2.23364485981308,5.13888888888889,-0.629496402877698,-0.867052023121387,-0.346666666666667,-0.288801571709234
"97","6157",14.0180838757812,"Female",1.15,6.12,4.29,3.25,92,91.18,"PLACEHOLDER","RSSD",FALSE,FALSE,FALSE,FALSE,FALSE,"older",0.65,0.96,5.98,0.34,10.62,5.56,87,8.9,5.13,1.47,73.68,12.85,0.88,0.27,0.520833333333333,0.411764705882352,-1.32553956834532,0.561797752808989,-0.571428571428571,1.36186770428016
"98","6158",11.4856339737754,"Male",NA,4.2,7.4,35.75,73,41.18,"PLACEHOLDER","RSSD",TRUE,FALSE,FALSE,FALSE,FALSE,"younger",0.72,1.07,5.96,0.36,10.5,5.56,80,10.38,5.69,1.5,69.12,15.27,1.02,0.44,NA,-4.88888888888889,4.54136690647482,-0.674373795761079,1.14,-1.82973149967256
"99","6160",10.8393738406675,"Female",3.68,5.64,5.71,41,74,58.82,"PLACEHOLDER","RSSD",FALSE,FALSE,FALSE,FALSE,FALSE,"younger",0.72,1.07,5.96,0.36,10.5,5.56,80,10.38,5.69,1.5,69.12,15.27,1.02,0.44,2.76635514018692,-0.88888888888889,5.48561151079137,-0.578034682080925,0.013333333333333,-0.674525212835626
"100","6161",10.5190387208498,"Female",3.05,4.57,6.67,13.75,88,NA,"PLACEHOLDER","RSSD",FALSE,FALSE,FALSE,FALSE,NA,"younger",0.72,1.07,5.96,0.36,10.5,5.56,80,10.38,5.69,1.5,69.12,15.27,1.02,0.44,2.17757009345794,-3.86111111111111,0.584532374100719,0.770712909441233,0.653333333333333,NA
"101","6163",9.88932010924249,"Male",4.18,6.52,7.4,42,55,76.47,"PLACEHOLDER","RSSD",FALSE,FALSE,FALSE,FALSE,FALSE,"younger",0.72,1.07,5.96,0.36,10.5,5.56,80,10.38,5.69,1.5,69.12,15.27,1.02,0.44,3.23364485981308,1.55555555555555,5.66546762589928,-2.40847784200385,1.14,0.481335952848723
"102","6166",9.40471056900552,"Male",2.78,6.67,6.13,2.75,79,58.82,"PLACEHOLDER","RSSD",FALSE,FALSE,FALSE,FALSE,FALSE,"younger",0.72,1.07,5.96,0.36,10.5,5.56,80,10.38,5.69,1.5,69.12,15.27,1.02,0.44,1.92523364485981,1.97222222222222,-1.39388489208633,-0.0963391136801541,0.293333333333333,-0.674525212835626
"103","6167",9.76337638692102,"Male",0.99,5.5,4.67,1.5,78,73.53,"PLACEHOLDER","RSSD",FALSE,FALSE,FALSE,FALSE,FALSE,"younger",0.72,1.07,5.96,0.36,10.5,5.56,80,10.38,5.69,1.5,69.12,15.27,1.02,0.44,0.252336448598131,-1.27777777777778,-1.61870503597122,-0.192678227360308,-0.68,0.288801571709234
"104","6168",9.6017257940501,"Male",3.02,6.56,7.8,9.5,69,79.41,"PLACEHOLDER","RSSD",FALSE,FALSE,FALSE,FALSE,FALSE,"younger",0.72,1.07,5.96,0.36,10.5,5.56,80,10.38,5.69,1.5,69.12,15.27,1.02,0.44,2.14953271028037,1.66666666666667,-0.179856115107914,-1.0597302504817,1.40666666666667,0.673870333988212
"105","6169",14.4123424847875,"Female",3.83,5.5,6.45,16.5,76,58.82,"PLACEHOLDER","RSSD",FALSE,FALSE,FALSE,FALSE,FALSE,"older",0.65,0.96,5.98,0.34,10.62,5.56,87,8.9,5.13,1.47,73.68,12.85,0.88,0.27,3.3125,-1.41176470588235,1.05755395683453,-1.23595505617978,0.89795918367347,-1.15642023346304
"106","6170",9.08163754218088,"Female",1.16,6,4.22,5,74,52.94,"PLACEHOLDER","RSSD",FALSE,FALSE,FALSE,FALSE,FALSE,"younger",0.72,1.07,5.96,0.36,10.5,5.56,80,10.38,5.69,1.5,69.12,15.27,1.02,0.44,0.411214953271028,0.111111111111111,-0.989208633093525,-0.578034682080925,-0.98,-1.0595939751146
"107","6171",10.2700032626725,"Male",0.88,6.37,4.86,13.75,63,50,"PLACEHOLDER","RSSD",FALSE,FALSE,FALSE,FALSE,FALSE,"younger",0.72,1.07,5.96,0.36,10.5,5.56,80,10.38,5.69,1.5,69.12,15.27,1.02,0.44,0.149532710280374,1.13888888888889,0.584532374100719,-1.63776493256262,-0.553333333333333,-1.25212835625409
"108","6172",9.8894341887011,"Male",1.91,6,4.29,10.75,70,55.88,"PLACEHOLDER","RSSD",FALSE,FALSE,FALSE,FALSE,FALSE,"younger",0.72,1.07,5.96,0.36,10.5,5.56,80,10.38,5.69,1.5,69.12,15.27,1.02,0.44,1.11214953271028,0.111111111111111,0.0449640287769784,-0.963391136801541,-0.933333333333334,-0.867059593975115
"109","6173",9.57446080343881,"Male",0.65,5.63,7.67,7.5,71,70.59,"PLACEHOLDER","RSSD",FALSE,FALSE,FALSE,FALSE,FALSE,"younger",0.72,1.07,5.96,0.36,10.5,5.56,80,10.38,5.69,1.5,69.12,15.27,1.02,0.44,-0.0654205607476635,-0.916666666666667,-0.539568345323741,-0.867052023121387,1.32,0.0962671905697445
"110","6174",8.91736312176157,"Male",1.66,6.25,5.78,5,67,61.76,"PLACEHOLDER","RSSD",FALSE,FALSE,FALSE,FALSE,FALSE,"younger",0.72,1.07,5.96,0.36,10.5,5.56,80,10.38,5.69,1.5,69.12,15.27,1.02,0.44,0.878504672897196,0.805555555555556,-0.989208633093525,-1.252408477842,0.0599999999999999,-0.481990831696137
"111","6175",9.2622253251835,"Male",0,6.04,8,19.25,79,64.71,"PLACEHOLDER","RSSD",FALSE,FALSE,FALSE,FALSE,FALSE,"younger",0.72,1.07,5.96,0.36,10.5,5.56,80,10.38,5.69,1.5,69.12,15.27,1.02,0.44,-0.672897196261682,0.222222222222222,1.57374100719424,-0.0963391136801541,1.54,-0.288801571709234
